"MARVEL","Funko POP Carnage 889 Marvel Venom 2","https://bellascositas.es/15922-home_default/funko-pop-carnage-889-marvel-venom-2.jpg","13,56 €","Marvel Venom: Let There Be Carnage Figura POP! Vinyl Carnage 9 cm"
"MARVEL","Funko POP Ego 205 Marvel Guardianes De La Galaxia Vol.2","https://bellascositas.es/20775-home_default/funko-pop-ego-205-marvel-guardianes-de-la-galaxia-vol2-.jpg","15,26 €","Figura Vinilo FUNKO POP de tus personajes favoritos de MARVEL GUARDIANES DE LA GALAXIA VOL. 2 - Ego"
"MARVEL","Funko POP Logan 647 Marvel X-Men 20th","https://bellascositas.es/8263-home_default/funko-pop-logan-647-marvel-x-men-20th.jpg","15,26 €","X-Men 20th Anniversary POP! Marvel Vinyl Figura Logan 9 cm"
"MARVEL","Funko POP Corvus Glaive 290 Marvel Avengers Infinity War","https://bellascositas.es/20553-home_default/funko-pop-corvus-glaive-290-marvel-avengers-infinity-war.jpg","21,21 €","Avengers Infinity War Figura POP! Movies Vinyl Corvus Glaive"
"MARVEL","Funko POP Tony Stark 449 Avengers Endgame Marvel","https://bellascositas.es/1024-home_default/funko-pop-tony-stark-449-avengers-endgame-marvel.jpg","15,26 €","Figuras Pop! Vinyl de tus personajes favoritos de AVENGERS ENDGAME MARVEL Funko Pop TONY STARK"
"MARVEL","Funko POP Capitán América Escudo Roto Y Mjolnir 573 Marvel Vengadores Endgame","https://bellascositas.es/4563-home_default/funko-pop-capitan-america-escudo-roto-y-mjolnir-573-marvel-vengadores-endgame.jpg","23,76 €","Avengers: Endgame POP! Movies Vinyl Figura Captain America w/Broken Shield &amp; Mjölnir 9 cm"
"MARVEL","Funko POP I Am Iron Man 580 Marvel Vengadores Endgame GITD Special Edition","https://bellascositas.es/14488-home_default/funko-pop-i-am-iron-man-580-marvel-vengadores-endgame-gitd-special-edition.jpg","42,46 €","Avengers: Endgame POP! Movies Vinyl Figura I Am Iron Man (MT) (GW) 9 cm"
"MARVEL","Funko POP Zombie Hunter Spidey Sin Máscara 947 Marvel What If Special Edition","https://bellascositas.es/20465-home_default/funko-pop-zombie-hunter-spidey-sin-mascara-947-marvel-what-if-special-edition.jpg","25,46 €","POP Marvel: What If - Zombie Hunter Spidey"
"MARVEL","Funko POP Spider-Girl 955 Marvel Especial Edition","https://bellascositas.es/20461-home_default/funko-pop-spider-girl-955-marvel-especial-edition.jpg","24,61 €","POP Marvel: Marvel- Spider-Girl"
"MARVEL","Funko POP Deluxe Iron Man With Gantry Mark IV 905 Iron Man 2 Marvel GITD Special Edition","https://bellascositas.es/20456-home_default/funko-pop-deluxe-iron-man-with-gantry-mark-iv-905-iron-man-2-marvel-gitd-special-edition.jpg","55,21 €","Si estás buscando comprar un Funko de Iron Man, en Bellascositas tenemos esta figura de edición especial de Iron Man, el poderoso Vengador."
"MARVEL","Funko POP Stan Lee Hugh Hefner Cameo 656 Iron Man Marvel Exclusive SDCC2020","https://bellascositas.es/11082-home_default/funko-pop-stan-lee-hugh-hefner-cameo-656-iron-man-marvel-exclusive-sdcc2020.jpg","30,95 €","Figura Vinilo FUNKO POP de tus personajes favoritos de STAN LEE CAMEO HUGH HEFNER IRON MAN SDCC 2020 EXCLUSIVE"
"MARVEL","Funko POP Bishop 919 Marvel X-Men Special Edition","https://bellascositas.es/19610-home_default/funko-pop-bishop-919-marvel-x-men-special-edition.jpg","21,21 €","Marvel X-Men POP! Marvel Vinyl Figura Bishop Special Edition"
"MARVEL","Funko POP Magik 920 Marvel X-Men Special Edition","https://bellascositas.es/19614-home_default/funko-pop-magik-920-marvel-x-men-special-edition.jpg","21,21 €","Marvel X-Men POP! Marvel Vinyl Figura Magik Special Edition"
"MARVEL","Funko POP Gilgamesh 730 Marvel Eternals","https://bellascositas.es/20001-home_default/funko-pop-gilgamesh-730-marvel-eternals.jpg","11,86 €","POP Marvel: Eternals - Gilgamesh"
"MARVEL","Funko POP Kingo 731 Marvel Eternals","https://bellascositas.es/17892-home_default/funko-pop-kingo-731-marvel-eternals.jpg","11,86 €","POP Marvel: Eternals - Kingo"
"MARVEL","Funko POP Classic Loki 902 Loki Special Edition","https://bellascositas.es/18694-home_default/funko-pop-classic-loki-902-loki-special-edition.jpg","28,01 €","POP Marvel: Loki - Classic Loki Special Edtion"
"MARVEL","Funko POP Zombie Falcon 942 Marvel What If","https://bellascositas.es/18605-home_default/funko-pop-zombie-falcon-942-marvel-what-if.jpg","11,86 €","POP Marvel: What If - Zombie Falcon"
"MARVEL","OUTLET Funko POP T'Challa Star-Lord 871 Marvel What If","https://bellascositas.es/17484-home_default/outlet-funko-pop-t-challa-star-lord-871-marvel-what-if.jpg","10,00 €","POP Marvel: What If - T'Challa Star-Lord"
"MARVEL","Funko POP Monica Rambeau 825 Marvel WandaVision","https://bellascositas.es/14771-home_default/funko-pop-monica-rambeau-825-marvel-wandavision.jpg","11,86 €","WandaVision POP! TV Vinyl Figura Monica Rambeau 9 cm"
"MARVEL","Funko POP Kro 737 Marvel Eternals","https://bellascositas.es/17925-home_default/funko-pop-kro-737-marvel-eternals.jpg","11,86 €","POP Marvel: Eternals - Kro"
"MARVEL","Funko POP Rogue 644 Pícara Marvel X-Men 20th","https://bellascositas.es/8251-home_default/funko-pop-rogue-644-picara-marvel-x-men-20th.jpg","11,86 €","X-Men 20th Anniversary POP! Marvel Vinyl Figura Rogue 9 cm"
"MARVEL","Funko POP Taskmaster 632 Avengers Marvel Gamerverse","https://bellascositas.es/8163-home_default/funko-pop-taskmaster-632-avengers-marvel-gamerverse.jpg","11,86 €","Marvel Avengers: Taskmaster (Stark Tech Suit) POP Vinyl Bobble-Head by Funko"
"MARVEL","Funko POP Beast Bestia 643 Marvel X-Men 20th","https://bellascositas.es/8223-home_default/funko-pop-beast-bestia-643-marvel-x-men-20th.jpg","11,86 €","X-Men 20th Anniversary POP! Marvel Vinyl Figura Beast 9 cm"
"MARVEL","Funko POP Professor X 641 Profesor Charles Xavier Marvel X-Men 20th","https://bellascositas.es/8247-home_default/funko-pop-professor-x-641-profesor-charles-xavier-marvel-x-men-20th.jpg","11,86 €","X-Men 20th Anniversary POP! Marvel Vinyl Figura Professor X 9 cm"
"MARVEL","Funko POP Ned 925 Spider-Man: No Way Home","https://bellascositas.es/17323-home_default/funko-pop-ned-925-spider-man-no-way-home.jpg","12,71 €","POP Marvel: Spider-Man: No Way Home - Ned"
"MARVEL","Funko POP MJ 924 Spider-Man: No Way Home","https://bellascositas.es/17327-home_default/funko-pop-mj-924-spider-man-no-way-home.jpg","12,71 €","POP Marvel: Spider-Man: No Way Home - MJ"
"MARVEL","Funko POP Deadpool Scooter 48 Marvel Deadpool","https://bellascositas.es/5214-home_default/funko-pop-deadpool-scooter-48-marvel-deadpool.jpg","15,26 €","Figura Funko Pop! Vinilo tus personajes favoritos de MARVEL DEADPOOL - DEADPOLL ON SCOOTER"
"MARVEL","Funko POP Zombie Gambit 788 Marvel Zombies","https://bellascositas.es/15647-home_default/funko-pop-zombie-gambit-788-marvel-zombies.jpg","11,86 €","Marvel Figura POP! Vinyl Zombie Gambit 9 cm"
"MARVEL","Funko POP Venompool 300 Marvel Contest Of Champions Gamerverse","https://bellascositas.es/5861-home_default/funko-pop-venompool-300-marvel-contest-of-champions-gamerverse.jpg","14,41 €","Figuras Pop! Vinyl de tus personajes favoritos de Marvel Contest of Champions VENOMPOOL"
"MARVEL","Funko POP Loki 895 Marvel Loki","https://bellascositas.es/16451-home_default/funko-pop-loki-895-marvel-loki.jpg","12,71 €","Loki POP! Vinyl Figura Loki 9 cm"
"MARVEL","Funko Pocket POP MARVEL Calendario De Adviento (24 Figuras)","https://bellascositas.es/3247-home_default/funko-pocket-pop-marvel-calendario-de-adviento-24-figuras.jpg","56,06 €","Calendario de adviento de MARVEL del año 2019, con 24 figuras Pocket Pop!"
"MARVEL","Funko POP Capitán América 627 Avengers Marvel Gamerverse","https://bellascositas.es/8161-home_default/funko-pop-capitan-america-627-avengers-marvel-gamerverse.jpg","12,71 €","Marvel Avengers: Captain America (Stark Tech Suit) POP Vinyl Bobble-Head by Funko"
"MARVEL","Funko POP Bedtime Deadpool En Bata 327 Marvel Deadpool Parody","https://bellascositas.es/580-home_default/funko-pop-bedtime-deadpool-en-bata-327-marvel-deadpool-parody.jpg","15,26 €","Figura Funko Pop! Vinilo tus personajes favoritos de DEADPOOL PARODY - DEADPOOL IN ROBE"
"MARVEL","Funko POP Deadpool Tumbado 320 Marvel Deadpool Parody","https://bellascositas.es/5219-home_default/funko-pop-deadpool-tumbado-320-marvel-deadpool-parody.jpg","12,71 €","Figura Funko Pop! Vinilo tus personajes favoritos de MARVEL DEADPOOL - DEADPOLL PARODY"
"MARVEL","Funko POP Phastos 736 Marvel Eternals","https://bellascositas.es/17921-home_default/funko-pop-phastos-736-marvel-eternals.jpg","11,86 €","POP Marvel: Eternals - Phastos"
"MARVEL","Funko POP Gingerbread Bruja Escarlata 940 Marvel Holiday","https://bellascositas.es/18029-home_default/funko-pop-gingerbread-bruja-escarlata-940-marvel-holiday.jpg","11,86 €","POP Marvel: Holiday - Scarlet Witch"
"MARVEL","Funko POP Wenwu 847 Marvel Shang-Chi","https://bellascositas.es/15766-home_default/funko-pop-wenwu-847-marvel-shang-chi.jpg","11,86 €","Marvel Shang-Chi POP! Marvel Vinyl Figura Wenwu 9 cm"
"MARVEL","Funko POP Sprite 732 Marvel Eternals","https://bellascositas.es/17901-home_default/funko-pop-sprite-732-marvel-eternals.jpg","11,86 €","POP Marvel: Eternals - Sprite"
"MARVEL","Funko POP Gilgamesh 730 Marvel Eternals Limited CHASE Edition","https://bellascositas.es/17898-home_default/funko-pop-gilgamesh-730-marvel-eternals-limited-chase-edition.jpg","42,46 €","POP Marvel: Eternals - Gilgamesh Limited CHASE Edition"
"MARVEL","Funko POP Sersi 728 Marvel Eternals","https://bellascositas.es/17883-home_default/funko-pop-sersi-728-marvel-eternals.jpg","11,86 €","POP Marvel: Eternals - Sersi"
"MARVEL","Funko POP Ikaris 727 Marvel Eternals","https://bellascositas.es/17879-home_default/funko-pop-ikaris-727-marvel-eternals.jpg","11,86 €","POP Marvel: Eternals - Ikaris"
"MARVEL","Funko POP Mobius 896 Marvel Loki","https://bellascositas.es/16452-home_default/funko-pop-mobius-896-marvel-loki.jpg","11,86 €","Loki POP! Vinyl Figura Mobius 9 cm"
"MARVEL","Funko POP Zombie Iron Man 944 Marvel What If","https://bellascositas.es/18609-home_default/funko-pop-zombie-iron-man-944-marvel-what-if.jpg","11,86 €","POP Marvel: What If - Zombie Iron Man"
"MARVEL","Funko POP Zombie Bruja Escarlata 943 Marvel What If","https://bellascositas.es/18607-home_default/funko-pop-zombie-bruja-escarlata-943-marvel-what-if.jpg","11,86 €","POP Marvel: What If - Scarlet Witch"
"MARVEL","Funko POP Zombie Capitán América 941 Marvel What If","https://bellascositas.es/18574-home_default/funko-pop-zombie-capitan-america-941-marvel-what-if.jpg","11,86 €","POP Marvel: What If - Zombie Captain America"
"MARVEL","Funko POP Gingerbread Black Panther 937 Marvel Holiday","https://bellascositas.es/18017-home_default/funko-pop-gingerbread-black-panther-937-marvel-holiday.jpg","11,86 €","POP Marvel: Holiday - Black Panther"
"MARVEL","Funko POP Gingerbread Hulk 935 Marvel Holiday","https://bellascositas.es/18009-home_default/funko-pop-gingerbread-hulk-935-marvel-holiday.jpg","11,86 €","POP Marvel: Holiday - Hulk"
"MARVEL","Funko POP Iron Hammer 866 25 Cm. Marvel Infinity Warps Special Edition","https://bellascositas.es/19801-home_default/funko-pop-iron-hammer-866-25-cm-marvel-infinity-warps-special-edition.jpg","35,95 €","Marvel Infinity Warps Figura POP! Vinyl Iron Hammer 25 cm Special Edition"
"MARVEL","Funko POP Wolverine Retro 722 Marvel X-Men Special Edition","https://bellascositas.es/19812-home_default/funko-pop-wolverine-retro-722-marvel-x-men-special-edition.jpg","15,26 €","X-Men POP! Marvel Vinyl Figura Wolverine Special Edition"
"MARVEL","Funko POP Mystique Mistica 638 Marvel X-Men 20th","https://bellascositas.es/8239-home_default/funko-pop-mystique-mistica-638-marvel-x-men-20th.jpg","12,71 €","X-Men 20th Anniversary POP! Marvel Vinyl Figura Mystique 9 cm"
"MARVEL","Llavero Pocket POP Marvel Zombies Magneto","https://bellascositas.es/8468-home_default/llavero-pocket-pop-marvel-zombies-magneto.jpg","5,95 €","Marvel Zombies Llavero Pocket POP! Vinyl Magneto 4 cm"
"MARVEL","Llavero Pocket POP Marvel Zombies Deadpool","https://bellascositas.es/8472-home_default/llavero-pocket-pop-marvel-zombies-deadpool.jpg","5,95 €","Marvel Zombies Llavero Pocket POP! Vinyl Deadpool 4 cm"
"MARVEL","Camiseta Funko Blacklight Marvel Spiderman","https://bellascositas.es/15389-home_default/camiseta-funko-blacklight-marvel-spiderman.jpg","12,71 €","Camiseta Funko Blacklight Marvel Spiderman"
"MARVEL","Funko Camiseta Blacklight Marvel Edición Limitada En Caja","https://bellascositas.es/10463-home_default/funko-camiseta-blacklight-marvel-edicion-limitada-en-caja.jpg","18,66 €","Funko Camiseta Blacklight Marvel Edición Limitada en Caja"
"MARVEL","Funko POP Cyborg Spiderman 723 Marvel Especial Edition","https://bellascositas.es/18575-home_default/funko-pop-cyborg-spiderman-723-marvel-especial-edition.jpg","21,21 €","POP Marvel: Marvel- Cyborg Spider-Man"
"MARVEL","Funko POP Deadpool Slapstick 157 Marvel Comics Rainbow Squad","https://bellascositas.es/13637-home_default/funko-pop-deadpool-slapstick-157-marvel-comics-rainbow-squad.jpg","12,71 €","Marvel Comics POP! Vinyl Figura Deadpool Rainbow Squad Slapstick 9 cm"
"MARVEL","Funko POP Flamenco Deadpool 778 Marvel Comics Deadpool 30th Anniversary","https://bellascositas.es/14042-home_default/funko-pop-flamenco-deadpool-778-marvel-comics-deadpool-30th-anniversary.jpg","11,86 €","Marvel Deadpool 30th Anniversary Figura POP! Vinyl Flamenco Deadpool 9 cm"
"MARVEL","Funko POP Zombie Hulk 659 Marvel Zombies","https://bellascositas.es/19249-home_default/funko-pop-zombie-hulk-659-marvel-zombies.jpg","11,86 €","Marvel Zombies Figura POP! Vinyl Hulk 9 cm"
"MARVEL","Funko POP Gingerbread Capitana Marvel 936 Marvel Holiday","https://bellascositas.es/18013-home_default/funko-pop-gingerbread-capitana-marvel-936-marvel-holiday.jpg","11,86 €","POP Marvel: Holiday - Captain Marvel"
"MARVEL","Funko POP Venomized Punisher 595 Marvel Venom","https://bellascositas.es/6746-home_default/funko-pop-venomized-punisher-595-marvel-venom.jpg","11,86 €","Figuras Pop! Vinyl de tus personajes favoritos de Marvel VENOM VENOMIZED PUNISHER"
"MARVEL","Funko Pop Mystery Box 6 Figuras Marvel","https://bellascositas.es/18710-home_default/funko-pop-mystery-box-6-figuras-marvel.jpg","59,95 €","Caja misteriosa Funko Pop Contiene 6 Figuras Funko POP Aleatorias Marvel de toda la tienda"
"MARVEL","Funko POP Senador Romano Deadpool 779 Marvel Comics Deadpool 30th Anniversary","https://bellascositas.es/14038-home_default/funko-pop-senador-romano-deadpool-779-marvel-comics-deadpool-30th-anniversary.jpg","11,86 €","Marvel Deadpool 30th Anniversary Figura POP! Vinyl Roman Senator Deadpool 9 cm"
"MARVEL","Funko POP Daredevil Venomized 513 Marvel Venom","https://bellascositas.es/4693-home_default/funko-pop-daredevil-venomized-513-marvel-venom.jpg","11,86 €","Para celebrar el 30 Aniversario de VENOM, llega la 2º oleada de Funkos VENOMIZADOS por el simbionte. Funko POP! DAREDEVIL VENOMIZADO."
"MARVEL","Pin Funko POP Iron Man 01 Marvel","https://bellascositas.es/18263-home_default/pin-funko-pop-iron-man-01-marvel.jpg","13,56 €","Pin Iron Man en metal 10 cm. aprox."
"MARVEL","Funko POP Razor Fist 849 Marvel Shang-Chi","https://bellascositas.es/15774-home_default/funko-pop-razor-fist-849-marvel-shang-chi.jpg","11,86 €","Marvel Shang-Chi POP! Marvel Vinyl Figura Razor Fist 9 cm"
"MARVEL","Funko POP T'Challa Star-Lord Metallic 871 Marvel What If Special Edition","https://bellascositas.es/17542-home_default/funko-pop-t-challa-star-lord-metallic-871-marvel-what-if-special-edition.jpg","17,81 €","POP Marvel: What If - T'Challa Star-Lord (Metallic) Special Edition"
"MARVEL","Funko POP Capitán América 497 Marvel 80 Years Special Edition","https://bellascositas.es/15742-home_default/funko-pop-capitan-america-497-marvel-80-years-special-edition.jpg","14,41 €","Marvel 80 Years POP! Vinyl Cabezón Captain America 9 cm Special Edition"
"MARVEL","Funko POP Dane 738 Marvel Eternals","https://bellascositas.es/17929-home_default/funko-pop-dane-738-marvel-eternals.jpg","11,86 €","POP Marvel: Eternals - Dane"
"MARVEL","Funko POP Hulk 635 Avengers Marvel Gamerverse Special Edition","https://bellascositas.es/17424-home_default/funko-pop-hulk-635-avengers-marvel-gamerverse-special-edition.jpg","14,41 €","Marvel's Avengers (2020 video game) POP! Marvel Vinyl Figura Hulk 9 cm Special Edition"
"MARVEL","Funko POP Ghost Panther 860 Marvel Infinity Warps","https://bellascositas.es/16928-home_default/funko-pop-ghost-panther-860-marvel-infinity-warps.jpg","11,86 €","Marvel Infinity Warps Figura POP! Vinyl Ghost Panther 9 cm"
"MARVEL","Funko POP Arachknight 859 Marvel Infinity Warps","https://bellascositas.es/16930-home_default/funko-pop-arachknight-859-marvel-infinity-warps.jpg","11,86 €","Marvel Infinity Warps Figura POP! Vinyl Arachknight 9 cm"
"MARVEL","Funko POP Diamond Patch 861 Marvel Infinity Warps","https://bellascositas.es/16936-home_default/funko-pop-diamond-patch-861-marvel-infinity-warps.jpg","11,86 €","Marvel Infinity Warps Figura POP! Vinyl Diamond Patch 9 cm"
"MARVEL","Funko POP Ultron Venomized 596 Marvel Venom","https://bellascositas.es/6750-home_default/funko-pop-ultron-venomized-596-marvel-venom.jpg","11,86 €","Figuras Pop! Vinyl de tus personajes favoritos de Marvel VENOM VENOMIZED ULTRON"
"MARVEL","Funko POP Miles Morales 2020 Suit 769 Marvel Spiderman Miles Morales","https://bellascositas.es/13584-home_default/funko-pop-miles-morales-2020-suit-769-marvel-spiderman-miles-morales.jpg","11,86 €","Marvel Spiderman Miles Morales POP! Vinyl Figura Miles Morales 2020 Suit 9 cm"
"MARVEL","Funko POP Miles Morales S.T.R.I.K.E. Suit 766 Marvel Spiderman Miles Morales","https://bellascositas.es/13576-home_default/funko-pop-miles-morales-strike-suit-766-marvel-spiderman-miles-morales.jpg","11,86 €","Marvel Spiderman Miles Morales POP! Vinyl Figura Miles Morales S.T.R.I.K.E. Suit 9 cm"
"MARVEL","Funko POP Sharon Carter 816 Marvel The Falcon And The Winter Soldier","https://bellascositas.es/15443-home_default/funko-pop-sharon-carter-816-marvel-the-falcon-and-the-winter-soldier.jpg","11,86 €","The Falcon and the Winter Soldier Figura POP! Vinyl Sharon Carter 9 cm"
"MARVEL","Funko POP Zombie M.O.D.O.K. 791 Marvel Zombies","https://bellascositas.es/13486-home_default/funko-pop-zombie-modok-791-marvel-zombies.jpg","11,86 €","Marvel Zombies POP! Icons Vinyl Figura Zombie Modok 9 cm"
"MARVEL","Funko POP Shang-Chi 844 Marvel Shang-Chi","https://bellascositas.es/15778-home_default/funko-pop-shang-chi-844-marvel-shang-chi.jpg","11,86 €","Marvel Shang-Chi POP! Marvel Vinyl Figura Shang-Chi 9 cm"
"MARVEL","Llavero Pocket POP Wasp Marvel Ant-Man","https://bellascositas.es/6156-home_default/llavero-pocket-pop-wasp-marvel-ant-man.jpg","5,95 €","Ant-Man and the Wasp Llavero Pocket POP! Vinyl Wasp 4 cm"
"MARVEL","Funko POP Larp Deadpool 780 Marvel Comics Deadpool 30th Anniversary","https://bellascositas.es/14050-home_default/funko-pop-larp-deadpool-780-marvel-comics-deadpool-30th-anniversary.jpg","11,86 €","Marvel Deadpool 30th Anniversary Figura POP! Vinyl Nerd Deadpool 9 cm"
"MARVEL","Funko POP Barista Deadpool 775 Marvel Comics Deadpool 30th Anniversary","https://bellascositas.es/14030-home_default/funko-pop-barista-deadpool-775-marvel-comics-deadpool-30th-anniversary.jpg","11,86 €","Marvel Deadpool 30th Anniversary Figura POP! Vinyl Coffee Barista Deadpool 9 cm"
"MARVEL","Funko POP Wade Wilson Weapon XI 489 X-Men Origenes: Lobezno Marvel Exclusive SDCC2020","https://bellascositas.es/11092-home_default/funko-pop-wade-wilson-weapon-xi-489-x-men-origenes-lobezno-marvel-exclusive-sdcc2020.jpg","23,76 €","X-Men Origins: Wolverine - Wade Wilson as Weapon XI Pop! Vinyl Figure (2020 Summer Convention Exclusive) "
"MARVEL","Funko POP Miles Morales Purple Reign Suit Metallic 839 Marvel Spiderman Miles Morales","https://bellascositas.es/15550-home_default/funko-pop-miles-morales-purple-reign-suit-metallic-839-marvel-spiderman-miles-morales.jpg","13,56 €","Marvel Spiderman Miles Morales POP! Vinyl Figura Miles Morales Purple Reign Suit Metallic 9 cm"
"MARVEL","Funko POP M.O.D.O.K. 633 Avengers Marvel Gamerverse","https://bellascositas.es/15543-home_default/funko-pop-modok-633-avengers-marvel-gamerverse.jpg","11,86 €","Marvel's Avengers (2020 video game) POP! Marvel Vinyl Figura MODOK 9 cm"
"MARVEL","Funko POP Zombie Red Hulk 790 Marvel Zombies","https://bellascositas.es/13490-home_default/funko-pop-zombie-red-hulk-790-marvel-zombies.jpg","11,86 €","Marvel Zombies POP! Icons Vinyl Figura Zombie Red Hulk 9 cm"
"MARVEL","Funko POP Zombie Thor 787 Marvel Zombies","https://bellascositas.es/13494-home_default/funko-pop-zombie-thor-787-marvel-zombies.jpg","11,86 €","Marvel Zombies POP! Icons Vinyl Figura Zombie Thor 9 cm"
"MARVEL","Funko POP Zombie Doctor Doom 789 Marvel Zombies","https://bellascositas.es/13482-home_default/funko-pop-zombie-doctor-doom-789-marvel-zombies.jpg","11,86 €","Marvel Zombies POP! Icons Vinyl Figura Zombie Dr. Doom 9 cm"
"MARVEL","Funko POP Miles Morales Programmable Matter Suit 773 Marvel Spiderman Miles Morales","https://bellascositas.es/13572-home_default/funko-pop-miles-morales-programmable-matter-suit-773-marvel-spiderman-miles-morales.jpg","11,86 €","Marvel Spiderman Miles Morales POP! Vinyl Figura Miles Morales Programmable Matter Suit 9 cm"
"MARVEL","Funko POP Miles Morales Classic Suit 765 Spiderman Miles Morales CHASE","https://bellascositas.es/15482-home_default/funko-pop-miles-morales-classic-suit-765-spiderman-miles-morales-chase.jpg","42,46 €","Spiderman Miles Morales Figura POP! Animation Vinyl Spiderman Miles Morales Classic Suit 9 cm Limited Chase Edition"
"MARVEL","Funko POP Thor 452 Los Vengadores Endgame Marvel","https://bellascositas.es/1017-home_default/funko-pop-thor-452-los-vengadores-endgame-marvel.jpg","13,56 €","Figura de Vinilo de 9 cm. aprox. en caja con ventana."
"MARVEL","Funko POP El Venenoide Venom 707 Marvel Luchadores","https://bellascositas.es/14450-home_default/funko-pop-el-venenoide-venom-707-marvel-luchadores.jpg","11,86 €","Marvel Luchadores Figura POP! Vinyl Venom 9 cm"
"MARVEL","Funko POP Zombie La Cosa 665 Marvel Zombies 25 Cm Exclusive SDCC2020","https://bellascositas.es/14352-home_default/funko-pop-zombie-la-cosa-665-marvel-zombies-25-cm-exclusive-sdcc2020.jpg","42,46 €","Marvel Zombies POP! Icons Vinyl Figura Zombie The Thing 25 cmEclusive SDCC 2020"
"MARVEL","Funko POP El Animal Indestructible Wolverine 711 Marvel Luchadores","https://bellascositas.es/13819-home_default/funko-pop-el-animal-indestructible-wolverine-711-marvel-luchadores.jpg","11,86 €","Marvel Luchadores POP! Vinyl Figure Wolverine 9 cm"
"MARVEL","Funko POP El Chimiganga De La Muerte Deadpool 712 Marvel Luchadores","https://bellascositas.es/13815-home_default/funko-pop-el-chimiganga-de-la-muerte-deadpool-712-marvel-luchadores.jpg","11,86 €","Marvel Luchadores POP! Vinyl Figure Deadpool 9 cm"
"MARVEL","Funko POP El Furioso Hulk 708 Marvel Luchadores","https://bellascositas.es/13811-home_default/funko-pop-el-furioso-hulk-708-marvel-luchadores.jpg","11,86 €","Marvel Luchadores POP! Vinyl Figure Hulk 9 cm"
"MARVEL","Llavero Pocket POP Dr. Doom Marvel Zombies","https://bellascositas.es/15493-home_default/llavero-pocket-pop-dr-doom-marvel-zombies.jpg","5,95 €","Llavero Pocket POP Dr. Doom Marvel Zombies"
"MARVEL","Funko POP Doctor Doom 591 Marvel Los 4 Fantásticos Exclusive ECCC2020","https://bellascositas.es/12979-home_default/funko-pop-doctor-doom-591-marvel-los-4-fantasticos-exclusive-eccc2020.jpg","23,76 €","Fantastic Four POP! Marvel Vinyl Figura Doctor Doom 9 cm Exclusive ECCC 2020"
"MARVEL","Funko POP PUNISHER 216 Daredevil Marvel Limited CHASE Edition","https://bellascositas.es/11531-home_default/funko-pop-punisher-216-daredevil-marvel-limited-chase-edition.jpg","42,46 €","Figura Pop! Vinyl de tus personajes favoritos de Marvel Daredevil PUNISHER Limited CHASE Edition"
"DC COMICS","Funko POP Batman 1189 DC The Batman","https://bellascositas.es/20159-home_default/funko-pop-batman-1189-dc-the-batman.jpg","12,71 €","Consigue en Bellascositas el Funko Pop de Batman al mejor precio."
"DC COMICS","Llavero Pocket POP DC The Batman","https://bellascositas.es/20189-home_default/llavero-pocket-pop-dc-the-batman.jpg","5,95 €","Consigue en Bellascositas el Llavero Pocket POP DC The Batman al mejor precio."
"DC COMICS","Funko POP Ride Batman In Batmobile 282 DC The Batman","https://bellascositas.es/20193-home_default/funko-pop-ride-batman-in-batmobile-282-dc-the-batman.jpg","37,36 €","Consigue en Bellascositas el Batman in Batmobile de DC The Batman al mejor precio."
"DC COMICS","Funko POP Batman 01 DC Comics 46 Cm.","https://bellascositas.es/7196-home_default/funko-pop-batman-01-dc-comics-46-cm.jpg","110,46 €","DC Comics Figura Super Sized POP! Heroes Vinyl Batman 46 cm"
"DC COMICS","Funko POP Green Lantern Jessica Cruz 411 DC El Dia De Los Muertos","https://bellascositas.es/19312-home_default/funko-pop-green-lantern-jessica-cruz-411-dc-el-dia-de-los-muertos.jpg","11,86 €","Dia De Los DC Figura POP! Vinyl Green Lantern Jessica 9 cm"
"DC COMICS","Funko POP Green Lantern 400 DC Comics Imperial Palace","https://bellascositas.es/17686-home_default/funko-pop-green-lantern-400-dc-comics-imperial-palace.jpg","11,86 €","POP Heroes: Imperial Palace - Green Lantern"
"DC COMICS","Funko POP Wonder Woman 378 DC Comics Imperial Palace","https://bellascositas.es/17698-home_default/funko-pop-wonder-woman-378-dc-comics-imperial-palace.jpg","11,86 €","POP Heroes: Imperial Palace - Wonder Woman"
"DC COMICS","Funko POP Wonder Woman Ultra Mod Secret Agent 382 DC Comics WW80th","https://bellascositas.es/14422-home_default/funko-pop-wonder-woman-ultra-mod-secret-agent-382-dc-comics-ww80th.jpg","11,86 €","Wonder Woman 80th Anniversary Figura POP! Heroes Vinyl The New WW (1968) 9 cm"
"DC COMICS","Funko POP Diana W/Arrow 1124 Zack Snyder's Justice League","https://bellascositas.es/18198-home_default/funko-pop-diana-warrow-1124-zack-snyder-s-justice-league.jpg","11,86 €","Zack Snyder's Justice League Figura POP! Vinyl Diana w/Arrow 9 cm."
"DC COMICS","Funko POP Wonder Woman Classic With Cape 433 DC Comics WW80th","https://bellascositas.es/18758-home_default/funko-pop-wonder-woman-classic-with-cape-433-dc-comics-ww80th.jpg","11,86 €","POP Heroes: WW 80th - WW (ClassicW/Cape)"
"DC COMICS","Funko POP Huntress Cazadora 305 Birds Of Prey","https://bellascositas.es/6088-home_default/funko-pop-huntress-cazadora-305-birds-of-prey.jpg","11,86 €","Figura POP DC Birds of Prey Huntress Aves de Presa"
"DC COMICS","Funko POP Ride Selina Kyle On Motorcycle 281 DC The Batman","https://bellascositas.es/20197-home_default/funko-pop-ride-selina-kyle-on-motorcycle-281-dc-the-batman.jpg","29,71 €","POP Ride DLX: Selina on Motorcycle"
"DC COMICS","Funko POP Batman 1187 DC The Batman","https://bellascositas.es/20155-home_default/funko-pop-batman-1187-dc-the-batman.jpg","12,71 €","POP Movies: Batman"
"DC COMICS","Funko POP ﻿The Riddler 1192 DC The Batman","https://bellascositas.es/20181-home_default/funko-pop-the-riddler-1192-dc-the-batman.jpg","12,71 €","POP Movies: The Riddler"
"DC COMICS","Funko POP ﻿Oswald Cobblepot 1191 DC The Batman Regular + Chase","https://bellascositas.es/20176-home_default/funko-pop-oswald-cobblepot-1191-dc-the-batman-regular-chase.jpg","52,66 €","POP Movies: Oswald Cobblepot Regular + Chase"
"DC COMICS","Funko POP ﻿Oswald Cobblepot 1191 DC The Batman","https://bellascositas.es/20172-home_default/funko-pop-oswald-cobblepot-1191-dc-the-batman.jpg","12,71 €","POP Movies: Oswald Cobblepot"
"DC COMICS","Funko POP Selina Kyle 1190 DC The Batman Regular + Chase","https://bellascositas.es/20167-home_default/funko-pop-selina-kyle-1190-dc-the-batman-regular-chase.jpg","52,66 €","POP Movies: Selina Kyle Regular + Chase"
"DC COMICS","Funko POP Selina Kyle 1190 DC The Batman","https://bellascositas.es/20163-home_default/funko-pop-selina-kyle-1190-dc-the-batman.jpg","12,71 €","POP Movies: Selina Kyle"
"DC COMICS","Funko POP Yara Flor SE DC Future State","https://bellascositas.es/17841-home_default/funko-pop-yara-flor-se-dc-future-state.jpg","11,86 €","Funko POP Heroes: PWP Youthtrust - Yara Flor"
"DC COMICS","Funko POP Superman 159 DC Comics 25 Cm. Special Edition","https://bellascositas.es/19882-home_default/funko-pop-superman-159-dc-comics-25-cm-special-edition.jpg","46,71 €","POP Heroes: Superman 10"" Special Edition"
"DC COMICS","Funko POP Wonder Woman Odyssey 405 DC Comics WW80th","https://bellascositas.es/18752-home_default/funko-pop-wonder-woman-odyssey-405-dc-comics-ww80th.jpg","12,71 €","POP Heroes: WW 80th - WW (Odyssey)"
"DC COMICS","Funko POP Wonder Woman White Lantern 423 DC Comics WW80th","https://bellascositas.es/18744-home_default/funko-pop-wonder-woman-white-lantern-423-dc-comics-ww80th.jpg","12,71 €","POP Heroes: WW 80th - WW (White Lantern)"
"DC COMICS","Funko POP Wonder Woman ATwistOfFate 406 DC Comics WW80th","https://bellascositas.es/19719-home_default/funko-pop-wonder-woman-atwistoffate-406-dc-comics-ww80th.jpg","12,71 €","POP Heroes: WW 80th - WW (ATwistOfFate)"
"DC COMICS","Funko POP Bane 412 DC El Dia De Los Muertos","https://bellascositas.es/19646-home_default/funko-pop-bane-412-dc-el-dia-de-los-muertos.jpg","11,86 €","Dia De Los DC Figura POP! Vinyl Bane 9 cm"
"DC COMICS","Funko POP Wonder Woman 167 DC Bombshell BC Awareness","https://bellascositas.es/17857-home_default/funko-pop-wonder-woman-167-dc-bombshell-bc-awareness.jpg","12,71 €","POP Heroes: BC Awareness - Bombshell Wonder Woman"
"DC COMICS","Funko POP Supergirl 222 DC Bombshell BC Awareness","https://bellascositas.es/17853-home_default/funko-pop-supergirl-222-dc-bombshell-bc-awareness.jpg","12,71 €","POP Heroes: BC Awareness - Bombshell Supergirl"
"DC COMICS","Funko POP Catwoman 225 DC Bombshell BC Awareness","https://bellascositas.es/17845-home_default/funko-pop-catwoman-225-dc-bombshell-bc-awareness.jpg","12,71 €","POP Heroes: BC Awareness -Bombshell Catwoman"
"DC COMICS","Funko POP Aquaman Silueta 16 Liga De La Justicia DC Comics GITD Exclusive","https://bellascositas.es/3199-home_default/funko-pop-aquaman-silueta-16-liga-de-la-justicia-dc-comics-gitd-exclusive.jpg","15,26 €","Figura Vinilo FUNKO POP de tus personajes favoritos de DC COMICS JUSTICE LEAGUE Funko Pop AQUAMAN GLOW IN THE DARK EXCLUSIVE"
"DC COMICS","Funko POP Blue Beetle 410 DC El Dia De Los Muertos","https://bellascositas.es/19313-home_default/funko-pop-blue-beetle-410-dc-el-dia-de-los-muertos.jpg","11,86 €","Dia De Los DC Figura POP! Vinyl Blue Beetle 9 cm"
"DC COMICS","Funko POP Harley Quinn 413 DC El Dia De Los Muertos","https://bellascositas.es/19311-home_default/funko-pop-harley-quinn-413-dc-el-dia-de-los-muertos.jpg","11,86 €","Dia De Los DC Figura POP! Vinyl Harley Quinn 9 cm"
"DC COMICS","Funko POP Superman BC Awareness 349 DC Super Héroes","https://bellascositas.es/9618-home_default/funko-pop-superman-bc-awareness-349-dc-super-heroes.jpg","11,86 €","DC Comics Figura POP! Heroes Vinyl BC Awareness - Superman 9 cm"
"DC COMICS","Funko POP Polka-Dot Man 1112 The Suicide Squad","https://bellascositas.es/17367-home_default/funko-pop-polka-dot-man-1112-the-suicide-squad.jpg","11,86 €","POP Movies: The Suicide Squad Polka-Dot Man"
"DC COMICS","Funko POP Wile E. Coyote As Cyborg 866 DC Looney Tunes Special Edition","https://bellascositas.es/18428-home_default/funko-pop-wile-e-coyote-as-cyborg-866-dc-looney-tunes-special-edition.jpg","17,95 €","DC Looney Tunes POP! Television Vinyl Figura Wile E. Coyote as Cyborg 9 cm 80 Years of Bugs Bunny"
"DC COMICS","Funko POP Darkseid 1126 Zack Snyder's Justice League","https://bellascositas.es/18496-home_default/funko-pop-darkseid-1126-zack-snyder-s-justice-league.jpg","11,86 €","Zack Snyder's Justice League Figura POP! Vinyl Darkseid 9 cm."
"DC COMICS","Funko POP Wonder Woman Challenge Of The Gods 390 DC Comics WW80th","https://bellascositas.es/14426-home_default/funko-pop-wonder-woman-challenge-of-the-gods-390-dc-comics-ww80th.jpg","11,86 €","DC Comics Figura POP! Heroes Vinyl WW 80th - WW (Challenge Of The Gods) 9 cm"
"DC COMICS","Funko POP Wonder Woman Superman Red Son 392 DC Comics Wonder Woman 80th","https://bellascositas.es/17871-home_default/funko-pop-wonder-woman-superman-red-son-392-dc-comics-wonder-woman-80th.jpg","11,86 €","DC Comics Figura POP! Heroes Vinyl WW 80th - WW (Superman: Red Son) 9 cm"
"DC COMICS","Funko POP Wonder Woman Black Lantern 393 DC Comics Wonder Woman 80th","https://bellascositas.es/17870-home_default/funko-pop-wonder-woman-black-lantern-393-dc-comics-wonder-woman-80th.jpg","11,86 €","DC Comics Figura POP! Heroes Vinyl WW 80th - WW (Black Lantern) 9 cm"
"DC COMICS","Funko POP Peacemaker 1110 The Suicide Squad","https://bellascositas.es/17351-home_default/funko-pop-peacemaker-1110-the-suicide-squad.jpg","11,86 €","POP Movies: The Suicide Squad Peacemaker"
"DC COMICS","Funko POP Wonder Woman Golden Armor 329 DC Wonder Woman 1984 Special Edition","https://bellascositas.es/17503-home_default/funko-pop-wonder-woman-golden-armor-329-dc-wonder-woman-1984-special-edition.jpg","15,26 €","Wonder Woman 1984 Movie POP! Movies Vinyl Figura Wonder Woman Golden Armor Special Edition"
"DC COMICS","Funko POP Joker 375 DC Comics Imperial Palace","https://bellascositas.es/16128-home_default/funko-pop-joker-375-dc-comics-imperial-palace.jpg","11,86 €","DC Comics Imperial Palace POP! Icons Vinyl Figura Joker 9 cm"
"DC COMICS","Funko POP Batman 374 DC Comics Imperial Palace","https://bellascositas.es/16127-home_default/funko-pop-batman-374-dc-comics-imperial-palace.jpg","11,86 €","DC Comics Imperial Palace POP! Icons Vinyl Figura Batman 9 cm"
"DC COMICS","Funko POP Robin 377 DC Comics Imperial Palace","https://bellascositas.es/16129-home_default/funko-pop-robin-377-dc-comics-imperial-palace.jpg","11,86 €","DC Comics Imperial Palace POP! Icons Vinyl Figura Robin 9 cm"
"DC COMICS","Funko POP Killer Frost 1098 DC Comics The Flash","https://bellascositas.es/14438-home_default/funko-pop-killer-frost-1098-dc-comics-the-flash.jpg","11,86 €","The Flash Figura POP! Heroes Vinyl Killer Frost 9 cm"
"DC COMICS","Funko POP Green Lantern 317 Heroes Green Lantern Specialty Series","https://bellascositas.es/15738-home_default/funko-pop-green-lantern-317-heroes-green-lantern-specialty-series.jpg","18,66 €","DC POP! Heroes Vinyl Figura Green Lantern 9 cm Specialty Series"
"DC COMICS","Funko POP Cyborg Silueta 95 Liga De La Justicia DC Comics Exclusive GITD","https://bellascositas.es/6018-home_default/funko-pop-cyborg-silueta-95-liga-de-la-justicia-dc-comics-exclusive-gitd.jpg","15,26 €","Figura POP DC Comics Justice League Cyborg Silhouette Exclusive Glow in the dark"
"DC COMICS","Funko POP Wonder Woman Silueta 08 DC Super Héroes GITD Exclusive","https://bellascositas.es/1695-home_default/funko-pop-wonder-woman-silueta-08-dc-super-heroes-gitd-exclusive.jpg","14,41 €","Figuras Pop! Vinyl tus personajes favoritos de DC SUPER HEROES Funko POP! WONDER WOMAN SILHOUETTE GITD: Brilla en la oscuridad"
"DC COMICS","Funko POP SR. FRIO Mr. FREEZE 342 Batman & Robin DC Comics","https://bellascositas.es/9430-home_default/funko-pop-sr-frio-mr-freeze-342-batman-robin-dc-comics.jpg","12,71 €","Batman &amp; Robin POP! Heroes Vinyl Figura Mr. Freeze 9 cm"
"DC COMICS","Funko 5 Star Batgirl DC Classic","https://bellascositas.es/3124-home_default/funko-5-star-batgirl-dc-classic.jpg","11,86 €","Figuras 5 Star Vinyl de tus personajes favoritos de DC CLASSICS Funko Pop BATGIRL"
"DC COMICS","Funko POP Catwoman Sepia 225 DC Comics Bombshells Exclusive","https://bellascositas.es/5820-home_default/funko-pop-catwoman-sepia-225-dc-comics-bombshells-exclusive.jpg","15,26 €","Figura POP DC Comics Bombshells Catwoman Sepia Exclusive"
"DC COMICS","Llavero Pocket POP Batman Holiday DC Comics","https://bellascositas.es/2132-home_default/llavero-pocket-pop-batman-holiday-dc-comics.jpg","6,80 €","Llavero Pocket POP! Keychain BATMAN HOLIDAY DC Comics"
"DC COMICS","Funko POP Kyle Rainer White Lantern 237 DC Super Héroes GITD","https://bellascositas.es/13753-home_default/funko-pop-kyle-rainer-white-lantern-237-dc-super-heroes-gitd.jpg","16,96 €","DC Comics Figura POP! Heroes Vinyl Kyle Rayner 9 cm Glow in the dark"
"DC COMICS","Funko POP Ra's Al Ghul 345 Batman DC Heroes Exclusive SDCC2020","https://bellascositas.es/13648-home_default/funko-pop-ra-s-al-ghul-345-batman-dc-heroes-exclusive-sdcc2020.jpg","23,76 €","Batman POP! Heroes Vinyl Figura Ra's Al Ghul 9 cm Exclusive SDCC 2020"
"DC COMICS","Funko POP The Joker 337 Batman 1989 DC Comics CHASE","https://bellascositas.es/9422-home_default/funko-pop-the-joker-337-batman-1989-dc-comics-chase.jpg","42,46 €","Batman 1989 POP! Heroes Vinyl Figuren Joker 9 cm Limited CHASE Edition"
"ANIME / MANGA","Funko POP Orochimaru 729 Naruto Shippuden","https://bellascositas.es/7450-home_default/funko-pop-orochimaru-729-naruto-shippuden.jpg","16,96 €","Naruto Figura POP! Animation Vinyl Orochimaru 9 cm"
"ANIME / MANGA","Funko POP Himiko Toga 787 My Hero Academia","https://bellascositas.es/16049-home_default/funko-pop-himiko-toga-787-my-hero-academia.jpg","13,56 €","My Hero Academia Figura POP! Animation Vinyl Himiko Toga w/Face Cover 9 cm"
"ANIME / MANGA","Funko POP Mirio Togata In Hero Costume 1004 My Hero Academia","https://bellascositas.es/18353-home_default/funko-pop-mirio-togata-in-hero-costume-1004-my-hero-academia.jpg","12,71 €","POP Animation: MHA - Mirio in Hero Costume"
"ANIME / MANGA","Funko POP Kakashi 182 Naruto Shippuden","https://bellascositas.es/3268-home_default/funko-pop-kakashi-182-naruto-shippuden.jpg","25,46 €","Figura Vinilo FUNKO POP de tus personajes favoritos de NARUTO SHIPPUDEN KAKASHI"
"ANIME / MANGA","Funko POP Pain 934 Naruto","https://bellascositas.es/15360-home_default/funko-pop-pain-934-naruto.jpg","16,96 €","Naruto Figura POP! Animation Vinyl Pain 9 cm"
"ANIME / MANGA","Funko POP Dr. Gero 950 Dragon Ball Z Serie 9","https://bellascositas.es/20447-home_default/funko-pop-dr-gero-950-dragon-ball-z-serie-9.jpg","13,56 €","Dragon Ball Z Serie 9 Figura POP! Animation Vinyl Dr. Gero 9 cm"
"ANIME / MANGA","Funko POP Pegasus Seiya 806 Saint Seiya Caballeros Del Zodiáco","https://bellascositas.es/13095-home_default/funko-pop-pegasus-seiya-806-saint-seiya-caballeros-del-zodiaco.jpg","13,56 €","Saint Seya Figura POP! Animation Vinyl Pegasus Seiya 9 cm"
"ANIME / MANGA","Funko POP Hercule 812 Dragon Ball Super Serie 4","https://bellascositas.es/10651-home_default/funko-pop-hercule-812-dragon-ball-super-serie-4.jpg","8,00 €","Dragon Ball Super Figura POP! Animation Vinyl Hercule 9 cm"
"ANIME / MANGA","Funko POP Future Mai 817 Dragon Ball Super Serie 4","https://bellascositas.es/10669-home_default/funko-pop-future-mai-817-dragon-ball-super-serie-4.jpg","11,86 €","Dragon Ball Super Figura POP! Animation Vinyl Future Mai 9 cm"
"ANIME / MANGA","Funko POP Kami 952 Dragon Ball Z Serie 9","https://bellascositas.es/19192-home_default/funko-pop-kami-952-dragon-ball-z-serie-9.jpg","11,86 €","Dragon Ball Z Serie 9 Figura POP! Animation Vinyl Kami 9 cm"
"ANIME / MANGA","Funko POP Goku & Flying Nimbus 109 Dragon Ball Z","https://bellascositas.es/737-home_default/funko-pop-goku-flying-nimbus-109-dragon-ball-z.jpg","15,26 €","Figura de Vinilo de 9 cm. aprox. en caja con ventana."
"ANIME / MANGA","Funko POP Izuku Mirodiya Deku 603 My Hero Academia","https://bellascositas.es/5848-home_default/funko-pop-izuku-mirodiya-deku-603-my-hero-academia.jpg","15,26 €","Figura Funko Pop! Vinilo tus personajes favoritos de MY HERO ACADEMIA DEKU CON CASCO"
"ANIME / MANGA","Funko POP Yami Bakura 1061 Yu-Gi-Oh","https://bellascositas.es/19334-home_default/funko-pop-yami-bakura-1061-yu-gi-oh.jpg","12,71 €","POP Deluxe: Yu-Gi-Oh - Yami Bakura"
"ANIME / MANGA","Funko POP Mai Valentine 1060 Yu-Gi-Oh","https://bellascositas.es/19330-home_default/funko-pop-mai-valentine-1060-yu-gi-oh.jpg","12,71 €","POP Deluxe: Yu-Gi-Oh - Mai Valentine"
"ANIME / MANGA","Funko POP Eri 1011 My Hero Academia","https://bellascositas.es/18345-home_default/funko-pop-eri-1011-my-hero-academia.jpg","12,71 €","POP Animation: MHA - Eri"
"ANIME / MANGA","Funko POP Ryukyu In Hero Costume 1007 My Hero Academia","https://bellascositas.es/18365-home_default/funko-pop-ryukyu-in-hero-costume-1007-my-hero-academia.jpg","12,71 €","POP Animation: MHA - Ryukyu in Hero Costume"
"ANIME / MANGA","Funko POP Eijiro Unbreakable 1009 My Hero Academia","https://bellascositas.es/18373-home_default/funko-pop-eijiro-unbreakable-1009-my-hero-academia.jpg","12,71 €","POP Animation: MHA - Eijiro Unbreakable"
"ANIME / MANGA","Funko POP Sasuke 72 Naruto","https://bellascositas.es/3226-home_default/funko-pop-sasuke-72-naruto.jpg","15,26 €","Figura Vinilo FUNKO POP de tus personajes favoritos de NARUTO SASUKE"
"ANIME / MANGA","Funko POP Dragon Shiryu 807 Saint Seiya Caballeros Del Zodiáco","https://bellascositas.es/13091-home_default/funko-pop-dragon-shiryu-807-saint-seiya-caballeros-del-zodiaco.jpg","13,56 €","Saint Seya Figura POP! Animation Vinyl Dragon Shiryu 9 cm"
"ANIME / MANGA","Funko POP Leorio 700 Hunter X Hunter","https://bellascositas.es/16097-home_default/funko-pop-leorio-700-hunter-x-hunter.jpg","11,86 €","Hunter x Hunter Figura POP! Vinyl Leorio 9 cm"
"ANIME / MANGA","Funko POP Minato Namikaze 935 Naruto","https://bellascositas.es/15356-home_default/funko-pop-minato-namikaze-935-naruto.jpg","15,26 €","Naruto Figura POP! Animation Vinyl Minato Namikaze 9 cm"
"ANIME / MANGA","Funko POP Super Hercule 818 Dragon Ball Super Serie 4 GLOW Specialty Series","https://bellascositas.es/15411-home_default/funko-pop-super-hercule-818-dragon-ball-super-serie-4-glow-specialty-series.jpg","13,56 €","Dragon Ball Super Figura POP! Animation Vinyl Super Saiyan Hercule Glow 9 cm Specialty Series"
"ANIME / MANGA","Funko POP Majin Buu Evil 864 Dragon Ball Z","https://bellascositas.es/13442-home_default/funko-pop-majin-buu-evil-864-dragon-ball-z.jpg","11,86 €","Dragon Ball Z Figura POP! Animation Vinyl Evil Buu 9 cm"
"ANIME / MANGA","Funko POP Bulma 707 Dragon Ball Z","https://bellascositas.es/5864-home_default/funko-pop-bulma-707-dragon-ball-z.jpg","11,86 €","Figura Funko Pop! Vinilo tus personajes favoritos de DRAGON BALL Z - BULMA"
"ANIME / MANGA","Funko POP Super Hercule 818 Dragon Ball Super Serie 4 GLOW Special Edition","https://bellascositas.es/15387-home_default/funko-pop-super-hercule-818-dragon-ball-super-serie-4-glow-special-edition.jpg","13,56 €","Dragon Ball Super Figura POP! Animation Vinyl Super Saiyan Hercule Glow 9 cm Special Edition"
"ANIME / MANGA","Funko POP Souichi Tsujii 912 Junji Ito","https://bellascositas.es/15545-home_default/funko-pop-souichi-tsujii-912-junji-ito.jpg","11,86 €","Junji Ito Figura POP! Animation Vinyl Souichi Tsujii 9 cm"
"ANIME / MANGA","Funko POP Miss Fuchi 913 Junji Ito","https://bellascositas.es/15487-home_default/funko-pop-miss-fuchi-913-junji-ito.jpg","11,86 €","Junji Ito Figura POP! Animation Vinyl Ms. Fuchi 9 cm"
"ANIME / MANGA","Funko POP Super Saiyan Caulifla 816 Dragon Ball Super Serie 4","https://bellascositas.es/14723-home_default/funko-pop-super-saiyan-caulifla-816-dragon-ball-super-serie-4.jpg","11,86 €","Dragon Ball Super Figura POP! Animation Vinyl Super Saiyan Caulifla 9 cm"
